id,Lifestage_at_tagging,Date_tagged,Length,First.exit,First.entry,Time.sea1,First.recap,Length.recap1,Second.exit,Second.entry,Time.sea2,Second.recap,Length.recap2,Third.exit,Third.entry,Time.sea3,Third.recap,Length.recap3
37628,Sea trout,3/27/2015,52.4,3/27/2015,6/16/2016,447.3051042,11/29/2017,76,2/19/2017,6/30/2017,130.2096759,,,,,,,
192876,Sea trout,3/28/2015,23.35,3/28/2015,7/30/2017,855.9751157,11/29/2017,92,12/24/2017,,,,,,,,,
195650,Sea trout,4/11/2015,34.69,4/11/2015,11/9/2015,212.6034838,12/5/2016,60,1/30/2016,,,,,1/11/2017,,,,
196612,Sea trout,4/13/2015,45.3,4/13/2015,6/4/2016,418.0686343,12/6/2016,69,2/4/2017,,,,,,,,,
197762,Sea trout,4/16/2015,20.26,4/16/2015,7/21/2016,462.632419,11/30/2016,60,,,,,,,,,,
199285,Sea trout,4/20/2015,23.01,4/20/2015,12/8/2016,598.6943403,,,12/23/2016,10/28/2017,308.2259954,11/30/2017,63,12/7/2017,,,,
199534,Sea trout,4/20/2015,30.36,4/20/2015,10/8/2015,171.9477083,,,,,,11/29/2016,60,,,,,
202031,Sea trout,4/21/2015,20.36,4/21/2015,9/18/2016,516.2935648,12/5/2016,51,3/2/2017,,,,,,,,,
205338,Sea trout,5/5/2015,20.99,5/5/2015,11/15/2016,560.5990741,12/6/2016,53,12/24/2016,,,,,,,,,
206300,Sea trout,5/6/2015,43,5/6/2015,11/15/2015,193.348044,,,4/6/2016,,,12/5/2016,56,3/25/2017,10/14/2017,202.1446412,11/30/2017,62
207677,Sea trout,5/6/2015,20.02,5/6/2015,8/4/2016,456.2386574,12/6/2016,52,,,,,,,,,,
191540,Sea trout,6/4/2015,32.94,6/4/2015,11/5/2016,520.9049884,12/8/2016,63,,,,,,,,,,
254010,Sea trout,3/17/2016,33.3,3/17/2016,9/28/2016,195.0091898,12/6/2016,47,1/16/2017,,,,,,,,,
254074,Sea trout,3/27/2016,40,3/27/2016,11/6/2016,224.0812269,12/5/2016,51,1/18/2017,,,,,,,,,
254276,Sea trout,3/29/2016,37.02,3/29/2016,7/22/2017,480.9651157,11/30/2017,54,12/24/2017,,,,,,,,,
256805,Sea trout,4/9/2016,47.4,4/9/2016,12/12/2016,247.7012269,,,2/27/2017,11/23/2017,268.1669444,11/28/2017,60,1/28/2019,,,,
257862,Sea trout,4/29/2016,33.13,4/29/2016,11/20/2016,205.6931019,,,2/22/2017,10/20/2017,240.0508449,11/28/2017,59,12/23/2017,,,,
548256,Sea trout,11/29/2016,38,2/20/2017,6/9/2017,108.4407523,11/28/2017,46,,,,,,,,,,
548471,Sea trout,11/29/2016,38,2/11/2017,11/22/2017,284.5216667,11/30/2017,52,11/30/2017,,,,,,,,,
548370,Sea trout,11/29/2016,39,1/19/2017,7/22/2017,183.3097222,11/28/2017,52,1/29/2018,,,,,,,,,
548320,Sea trout,11/29/2016,41,12/26/2016,6/29/2017,184.6190625,12/1/2017,50,12/21/2017,,,,,,,,,
548531,Sea trout,11/29/2016,41.5,1/21/2017,7/25/2017,184.4024884,11/28/2017,60,2/7/2018,,,,,,,,,
548329,Sea trout,11/29/2016,42,2/16/2017,,,11/28/2017,52,,,,,,,,,,
548619,Sea trout,11/29/2016,42.2,1/3/2017,8/31/2017,240.1036806,,,12/23/2017,7/8/2018,197.0061227,11/26/2018,53.5,,,,,
548532,Sea trout,11/29/2016,43.1,1/11/2017,,,11/28/2017,53,,11/29/2018,NA,,,,,,,
548584,Sea trout,11/29/2016,43.4,12/15/2016,7/20/2017,216.2667708,11/30/2017,52,11/30/2017,7/5/2018,216.0700347,,,11/27/2018,,,,
548602,Sea trout,11/29/2016,43.7,2/20/2017,11/30/2017,282.2012731,12/1/2017,52,12/14/2017,,,,,,,,,
548315,Sea trout,11/29/2016,44,2/28/2017,7/21/2017,142.9887037,11/29/2017,58,3/20/2018,6/6/2018,78.2065625,11/28/2018,60,2/5/2019,,,,
548618,Sea trout,11/29/2016,44,2/15/2017,7/7/2017,142.1354977,11/28/2017,57,12/30/2017,,,,,,,,,
548667,Sea trout,11/29/2016,44.7,1/8/2017,10/28/2017,292.8512616,12/1/2017,57,12/21/2017,,,,,,,,,
548637,Sea trout,11/29/2016,45.2,1/23/2017,11/1/2017,281.3522569,11/28/2017,58,12/25/2017,,,,,,,,,
548544,Sea trout,11/29/2016,45.5,1/11/2017,11/22/2017,315.0080093,11/28/2017,57,12/10/2017,,,,,,,,,
548572,Sea trout,11/29/2016,46.7,12/17/2016,7/16/2017,210.9855556,11/29/2017,56,,,,,,,,,,
548250,Sea trout,11/29/2016,47,12/24/2016,6/22/2017,180.1003009,11/29/2017,54,11/29/2017,,,,,,,,,
548603,Sea trout,11/29/2016,48,12/9/2016,10/20/2017,315.692662,,,12/2/2017,6/11/2018,191.1122801,11/26/2018,63,12/5/2018,,,,
548389,Sea trout,11/29/2016,48,2/13/2017,6/30/2017,136.0595602,11/28/2017,55,1/23/2018,,,,,,,,,
548511,Sea trout,11/29/2016,48.2,1/11/2017,11/14/2017,306.9426505,11/28/2017,57,12/20/2018,,,,,,,,,
548484,Sea trout,11/29/2016,51,12/6/2016,10/17/2017,315.168588,,,11/26/2017,6/10/2018,195.9244444,11/26/2018,69,11/26/2018,,,,
548404,Sea trout,11/29/2016,56,1/11/2017,11/23/2017,315.3583218,11/28/2017,59,12/26/2017,11/9/2018,318.4893634,11/26/2018,62,12/15/2018,,,,
548354,Sea trout,11/29/2016,57,1/10/2017,5/31/2017,141.077338,11/30/2017,62,11/30/2017,6/22/2018,203.6119676,11/26/2018,64.5,,,,,
548412,Sea trout,11/29/2016,58,11/29/2017,,,11/29/2017,63,,,,,,,,,,
548558,Sea trout,11/29/2016,58.1,1/11/2017,7/22/2017,191.8956134,11/28/2017,66,,,,,,,,,,
548580,Sea trout,11/29/2016,60.7,2/19/2017,11/22/2017,275.3452315,,,,8/10/2018,,11/29/2018,72.5,12/30/2018,,,,
548258,Sea trout,11/29/2016,62,12/24/2016,11/22/2017,333.1262269,11/29/2017,67,12/16/2017,,,,,,,,,
548416,Sea trout,11/29/2016,67,12/24/2016,10/14/2017,293.8725926,11/28/2017,74,,,,,,,,,,
548225,Sea trout,11/29/2016,68,12/26/2016,,,,,12/8/2017,7/13/2018,216.82,11/26/2018,78,12/22/2018,,,,
548386,Sea trout,11/29/2016,78,2/28/2017,10/26/2017,240.5849074,11/28/2017,78,12/23/2017,,,,,,,,,
548202,Sea trout,11/30/2016,36,12/10/2016,,,11/28/2017,47,12/7/2017,6/4/2018,179.79,,,11/15/2018,6/16/2019,212.1853819,,
548106,Sea trout,11/30/2016,39,1/15/2017,6/15/2017,150.1340972,11/30/2017,50,,,,,,,,,,
548702,Sea trout,11/30/2016,39.6,1/10/2017,7/21/2017,191.242338,11/28/2017,50,,,,,,,,,,
266136,Sea trout,11/30/2016,42,2/17/2017,7/6/2017,138.8911343,,,1/17/2018,6/4/2018,138.0868056,11/29/2018,53.5,1/8/2019,6/13/2019,155.3875694,,
548733,Sea trout,11/30/2016,43.3,11/30/2016,6/12/2017,193.9560995,11/29/2017,53,,,,,,,,,,
548112,Sea trout,11/30/2016,44,12/24/2016,6/30/2017,187.8640856,,,12/12/2017,6/4/2018,173.8211227,11/29/2018,56,12/7/2018,6/20/2019,194.2224769,,
548176,Sea trout,11/30/2016,45,2/13/2017,9/27/2017,226.1796412,11/30/2017,53,1/8/2018,,,,,,,,,
548579,Sea trout,11/30/2016,47,2/17/2017,7/16/2017,148.2691898,,,2/16/2018,7/10/2018,143.3631019,11/29/2018,63.5,,,,,
548113,Sea trout,11/30/2016,47,12/28/2016,7/20/2017,204.1107755,11/30/2017,54,12/16/2017,,,,,,,,,
548101,Sea trout,11/30/2016,47,1/5/2017,10/28/2017,296.5173148,11/29/2017,58,,,,,,,,,,
266127,Sea trout,11/30/2016,50,1/16/2017,10/28/2017,284.5475579,11/29/2017,63,12/28/2017,,,,,,,,,
548130,Sea trout,11/30/2016,51,12/31/2016,10/14/2017,286.887963,11/30/2017,56,,,,,,,,,,
548688,Sea trout,11/30/2016,51.1,12/23/2016,6/11/2017,170.2036574,11/29/2017,57,12/30/2017,6/7/2018,159.8745949,11/27/2018,60,,,,,
266125,Sea trout,11/30/2016,51.3,12/25/2016,11/22/2017,331.9646296,11/28/2017,60,12/7/2017,11/15/2018,343.387419,,,12/4/2018,,,,
548719,Sea trout,11/30/2016,52.5,3/26/2017,9/10/2017,168.4409375,11/29/2017,60,NA,7/20/2018,,,,11/27/2018,7/28/2019,242.9198958,,
548210,Sea trout,11/30/2016,53,12/27/2016,7/27/2017,211.1153125,12/1/2017,61,12/1/2017,9/8/2018,280.4620602,,,,,,,
548121,Sea trout,11/30/2016,53,3/14/2017,7/22/2017,129.7380093,,,3/22/2018,,,11/29/2018,66.5,,,,,
548186,Sea trout,11/30/2016,56,12/12/2016,10/23/2017,315.7259028,11/29/2017,69,,,,,,,,,,
266124,Sea trout,11/30/2016,60.8,12/24/2016,6/30/2017,187.4995023,,,11/29/2017,7/6/2018,219.7285995,11/27/2018,72,12/3/2018,7/7/2019,215.744838,,
548685,Sea trout,11/30/2016,61.5,1/11/2017,6/19/2017,158.2216898,12/1/2017,67,1/24/2018,,,,,,,,,
548083,Sea trout,11/30/2016,63,11/30/2016,11/13/2017,347.2727431,11/30/2017,70,12/25/2017,10/31/2018,310.3039468,,,,,,,
548748,Sea trout,11/30/2016,72,12/6/2016,7/22/2017,228.0710764,11/29/2017,79,12/7/2017,,,,,,,,,
548109,Sea trout,11/30/2016,76,12/27/2016,10/19/2017,296.0590278,11/28/2017,85,12/3/2017,,,,,,,,,
548673,Sea trout,11/30/2016,78,12/6/2016,7/20/2017,226.4405093,11/28/2017,78,12/6/2017,,,,,,,,,
266076,Sea trout,12/1/2016,44,12/1/2016,10/14/2017,317.53625,11/28/2017,51,12/5/2017,,,,,,,,,
266097,Sea trout,12/1/2016,46,12/25/2016,10/21/2017,299.1800694,11/30/2017,56,,,,,,,,,,
118180,Smolt,9/26/2014,13.44,5/4/2015,6/14/2017,772.4518866,,,1/24/2018,5/29/2018,125.6637963,11/28/2018,61.5,2/1/2019,,,,
118017,Smolt,9/26/2014,13.65,,,,11/28/2017,49,,,,,,,,,,
118240,Smolt,9/26/2014,13.69,1/27/2015,6/15/2016,504.2380671,11/29/2016,55,12/14/2016,6/11/2017,178.5138542,,,12/11/2017,,,,
119392,Smolt,10/24/2014,11.2,5/5/2015,9/28/2016,511.1995602,11/29/2016,53,12/9/2016,,,,,,,,,
119228,Smolt,10/24/2014,13,,6/30/2016,,,,12/29/2016,6/29/2017,182.1592014,11/29/2017,52,12/10/2017,,,,
119311,Smolt,10/24/2014,13.6,,,,12/5/2016,29,,,,,,,,,,
119333,Smolt,10/24/2014,14.4,4/23/2015,,,12/5/2016,48,12/5/2016,,,,,,,,,
119956,Smolt,10/29/2014,13.8,6/2/2015,10/3/2016,488.9167824,11/29/2016,47,2/20/2017,,,,,,,,,
119930,Smolt,10/29/2014,13.9,1/3/2015,12/1/2016,697.788125,,,2/4/2017,10/22/2017,259.1082523,11/30/2017,62,,,,,
119980,Smolt,10/29/2014,14.7,3/30/2015,10/20/2017,935.8705324,,,12/15/2017,7/23/2018,219.9678009,11/28/2018,65,12/11/2018,7/15/2019,215.2577546,,
36308,Smolt,11/3/2014,11.7,,7/29/2016,,11/29/2016,49.2,2/17/2017,7/21/2017,154.1243634,,,1/2/2018,,,,
36195,Smolt,11/3/2014,11.8,4/10/2015,6/18/2016,435.228831,11/30/2016,43.3,12/26/2016,,,,,,,,,
36100,Smolt,11/3/2014,13.3,11/3/2014,11/1/2016,729.9423495,11/29/2016,51.2,,,,,,,,,,
36242,Smolt,11/3/2014,13.5,12/21/2014,7/29/2016,586.6756019,12/5/2016,43,,,,,,,,,,
36297,Smolt,11/3/2014,14.4,4/26/2015,10/31/2016,554.6029977,12/6/2016,52,1/10/2017,10/22/2017,284.5031829,11/29/2017,60,12/17/2017,10/30/2018,317.8528704,11/28/2018,64.5
37127,Smolt,3/18/2015,12.89,3/18/2015,12/17/2016,640.1943519,12/6/2016,47,,,,,,,,,,
37479,Smolt,3/24/2015,16.46,3/24/2015,11/2/2016,589.6353356,12/6/2016,51,12/17/2016,,,,,,,,,
37817,Smolt,3/26/2015,12.8,3/26/2015,7/29/2016,491.8677546,12/6/2016,48,1/10/2017,,,,,,,,,
192143,Smolt,3/26/2015,12.98,3/26/2015,11/7/2016,592.435625,12/1/2016,48,,,,,,,,,,
37752,Smolt,3/26/2015,13.95,3/26/2015,10/29/2016,583.898044,11/28/2017,60,12/21/2016,10/17/2017,299.8024653,11/27/2018,68,12/11/2017,10/24/2018,316.2921181,,
37850,Smolt,3/26/2015,14.46,3/26/2015,10/16/2016,570.8890972,11/30/2016,52,,,,,,,,,,
192134,Smolt,3/26/2015,19.71,3/26/2015,8/8/2018,1231.87559,11/26/2018,64.5,12/4/2018,,,,,,,,,
201272,Smolt,3/27/2015,12.6,3/27/2015,6/15/2016,446.5518519,11/29/2016,50.9,12/26/2016,,,,,,,,,
201489,Smolt,3/27/2015,13.93,3/27/2015,8/25/2016,517.4806597,12/5/2016,49,12/27/2016,,,,,,,,,
201470,Smolt,3/27/2015,14.23,3/27/2015,11/7/2016,591.6774769,11/29/2017,56,12/8/2016,10/30/2017,325.9779745,,,12/25/2017,,,,
192449,Smolt,3/27/2015,15.99,3/27/2015,6/29/2017,825.4287037,11/28/2017,64,12/27/2017,,,,,,,,,
201484,Smolt,3/27/2015,16.14,3/27/2015,11/2/2016,586.1977199,12/6/2016,64,12/25/2016,,,,,,,,,
192944,Smolt,3/28/2015,12.6,3/28/2015,7/28/2016,488.0931713,11/30/2016,46.7,,,,,,,,,,
193442,Smolt,3/28/2015,12.8,3/28/2015,12/12/2016,625.1621412,,,,11/22/2017,,,,12/7/2017,6/5/2018,179.3415509,11/29/2018,59
193093,Smolt,3/28/2015,14.4,3/28/2015,10/15/2016,567.7481713,12/5/2016,51,,,,,,,,,,
193068,Smolt,3/28/2015,15.2,3/28/2015,11/2/2016,585.8150116,12/6/2016,48,1/11/2017,,,,,,,,,
193183,Smolt,3/28/2015,15.53,3/28/2015,6/30/2016,460.1398032,12/6/2016,47,,,,,,,,,,
193533,Smolt,3/28/2015,15.57,3/28/2015,6/8/2016,438.1181713,11/29/2017,50,11/30/2016,5/30/2017,180.155706,,,11/29/2017,,,,
201606,Smolt,3/28/2015,15.77,3/28/2015,8/4/2016,495.3065046,12/6/2016,50,,,,,,,,,,
201951,Smolt,3/28/2015,16.34,3/28/2015,10/23/2016,575.1002546,12/5/2016,66,,,,,,,,,,
201975,Smolt,3/28/2015,16.65,3/28/2015,8/4/2016,495.3968981,12/5/2016,46,12/7/2016,7/23/2017,227.4978704,,,,,,,
193524,Smolt,3/28/2015,17.41,3/28/2015,8/3/2016,494.9443981,12/5/2016,50,12/29/2016,8/4/2017,217.0765278,,,,,,,
193048,Smolt,3/28/2015,17.7,3/28/2015,11/18/2016,601.7362847,11/29/2016,58.8,1/11/2017,,,,,,,,,
193682,Smolt,3/30/2015,13.66,3/30/2015,,,12/6/2016,47,2/16/2017,10/20/2017,245.84,,,12/26/2017,6/9/2017,,,
193928,Smolt,3/30/2015,14.69,3/30/2015,12/8/2016,619.7668171,,,12/24/2016,11/23/2017,333.4714468,11/29/2017,60,12/11/2017,,,,
193718,Smolt,3/30/2015,14.7,3/30/2015,10/14/2016,564.7848611,11/30/2016,54.4,1/13/2017,,,,,,,,,
193738,Smolt,3/30/2015,14.87,3/30/2015,11/15/2016,596.0823032,12/5/2016,52,,,,,,,,,,
194095,Smolt,3/31/2015,14.8,3/31/2015,10/22/2016,571.1046181,12/6/2016,55,12/14/2016,,,,,,,,,
193934,Smolt,3/31/2015,15.1,3/31/2015,10/23/2016,572.5868866,12/5/2016,54,12/12/2016,,,,,,,,,
194180,Smolt,3/31/2015,15.85,3/31/2015,10/20/2016,569.9767361,12/6/2016,46,12/25/2016,10/13/2017,291.9218403,,,,,,,
194289,Smolt,3/31/2015,16.25,3/31/2015,11/21/2016,601.0947222,12/5/2016,48,1/2/2017,,,,,,,,,
194291,Smolt,3/31/2015,16.5,3/31/2015,7/14/2017,836.0471875,11/29/2017,54,,,,,,,,,,
194634,Smolt,4/1/2015,15.45,4/1/2015,10/29/2016,577.2133912,12/6/2016,49,12/25/2016,10/21/2017,300.7932292,11/28/2017,60,12/15/2017,9/26/2018,285.1097222,,
194854,Smolt,4/6/2015,13.64,4/6/2015,7/31/2016,482.0327431,12/6/2016,45,1/11/2017,8/14/2017,215.1216088,11/29/2017,53,,,,,
195012,Smolt,4/8/2015,13.22,4/8/2015,6/9/2016,428.9258912,12/1/2016,46,1/11/2017,,,,,,,,,
195042,Smolt,4/8/2015,14.76,4/8/2015,10/23/2015,198.0962153,12/8/2016,42,1/20/2016,10/18/2016,272.4180093,,,1/12/2017,,,,
194986,Smolt,4/8/2015,19.71,4/8/2015,8/4/2016,484.066956,11/29/2016,52.5,2/22/2017,,,,,,,,,
195094,Smolt,4/9/2015,12.37,4/9/2015,6/29/2016,447.4926852,12/5/2016,46,2/20/2017,6/29/2017,129.3126389,,,,,,,
195096,Smolt,4/9/2015,14.33,4/9/2015,7/27/2016,475.2163773,12/5/2016,51,12/24/2016,,,,,,,,,
195406,Smolt,4/10/2015,12.18,4/10/2015,6/16/2016,433.0728704,11/29/2017,49,1/6/2017,6/25/2017,170.7258449,,,1/19/2018,6/4/2018,136.2298495,,
195281,Smolt,4/10/2015,12.53,4/10/2015,6/26/2016,443.2975231,11/30/2016,40,,,,,,,,,,
195393,Smolt,4/10/2015,13.81,4/10/2015,,,11/29/2016,45,,,,,,,,,,
195213,Smolt,4/10/2015,13.99,4/10/2015,7/23/2016,470.0291204,11/30/2016,44.8,,,,,,,,,,
195206,Smolt,4/10/2015,14.41,4/10/2015,11/16/2016,586.6056366,12/6/2016,48,NA,11/23/2017,,,,12/7/2017,12/3/2018,361.5386343,,
195468,Smolt,4/10/2015,14.74,4/10/2015,11/21/2016,591.1282755,11/30/2016,54.2,,,,,,,,,,
195434,Smolt,4/10/2015,14.79,4/10/2015,7/28/2016,475.0793866,12/5/2016,51,,,,11/30/2017,61,,,,,
195691,Smolt,4/11/2015,12.57,4/11/2015,7/25/2016,471.1300231,11/30/2016,46,1/13/2017,,,,,,,,,
195753,Smolt,4/11/2015,12.98,4/11/2015,6/16/2016,432.1642361,12/5/2016,47,12/12/2016,,,,,,,,,
195601,Smolt,4/11/2015,13.55,4/11/2015,11/8/2016,577.7371991,11/30/2016,40,1/11/2017,,,,,,,,,
195760,Smolt,4/11/2015,15.91,4/11/2015,10/20/2016,558.8148148,11/30/2016,53.8,,,,,,,,,,
195858,Smolt,4/12/2015,12.2,4/12/2015,10/31/2016,568.1452431,11/29/2016,52.3,12/24/2016,,,,,,,,,
196043,Smolt,4/12/2015,12.32,4/12/2015,10/23/2016,560.7674306,11/30/2016,63,1/16/2017,,,,,,,,,
196238,Smolt,4/12/2015,12.68,4/12/2015,10/21/2016,558.3228125,11/29/2016,47,12/7/2016,,,,,,,,,
196249,Smolt,4/12/2015,14.22,4/12/2015,10/24/2016,561.4298843,12/6/2016,48,12/16/2016,9/27/2017,284.8257755,,,,,,,
196227,Smolt,4/12/2015,14.39,4/12/2015,7/21/2016,466.6350347,12/5/2016,46,,,,,,,,,,
196150,Smolt,4/12/2015,15.19,4/12/2015,11/21/2016,589.3727315,11/29/2016,45.3,1/16/2017,11/29/2017,317.131713,,,,,,,
195825,Smolt,4/12/2015,18.43,4/12/2015,7/9/2016,454.9878588,12/1/2016,44,12/13/2016,,,,,,,,,
196325,Smolt,4/12/2015,18.71,4/12/2015,11/6/2016,574.1332292,12/1/2016,54,12/17/2016,6/29/2017,193.4221065,,,NA,5/22/2018,NA,,
196588,Smolt,4/13/2015,13.13,4/13/2015,10/20/2016,556.9875579,12/5/2016,47,12/6/2016,10/5/2017,302.721088,,,11/16/2017,7/21/2018,246.9486458,11/28/2018,57
196595,Smolt,4/13/2015,13.37,4/13/2015,,,12/5/2016,54,,,,,,,,,,
196651,Smolt,4/13/2015,14.71,4/13/2015,11/18/2016,585.8511111,12/6/2016,52,1/15/2017,,,,,,,,,
196615,Smolt,4/13/2015,15.53,4/13/2015,12/2/2016,599.0126042,12/8/2016,52,12/9/2016,11/22/2017,348.45125,11/30/2017,60,11/30/2017,11/29/2018,363.6237847,,
196516,Smolt,4/13/2015,17.95,4/13/2015,7/15/2016,459.0558333,11/30/2016,45,12/25/2016,7/8/2017,194.9765856,11/29/2017,51,,,,,
197042,Smolt,4/14/2015,12.05,4/14/2015,6/26/2016,439.2939815,11/29/2016,45,12/8/2016,,,,,,,,,
196925,Smolt,4/14/2015,12.32,4/14/2015,7/25/2016,468.2118171,12/6/2016,44,1/6/2017,NA,351.8318981,,,12/24/2017,,,,
196938,Smolt,4/14/2015,12.69,4/14/2015,11/7/2016,573.4140972,12/6/2016,52,2/20/2017,,,,,,,,,
196928,Smolt,4/14/2015,13.07,4/14/2015,7/14/2016,457.9935995,12/5/2016,44,12/24/2016,7/17/2017,204.1034838,,,12/20/2017,7/14/2018,206.003044,,
197047,Smolt,4/14/2015,16.18,4/14/2015,,,12/5/2016,49,4/6/2016,7/12/2016,96.94,,,,,,,
197198,Smolt,4/15/2015,14.6,4/15/2015,11/6/2016,571.0725463,11/29/2016,44.1,,,,,,,,,,
197332,Smolt,4/15/2015,15.06,4/15/2015,6/15/2016,427.7261227,12/6/2016,48,12/16/2016,,,,,,,,,
197159,Smolt,4/15/2015,15.41,4/15/2015,10/28/2016,562.1968287,12/6/2016,45,12/23/2016,12/7/2017,348.4944792,,,,,,,
197393,Smolt,4/15/2015,16.84,4/15/2015,7/12/2016,454.0772685,11/30/2016,51,2/17/2017,7/22/2017,154.4965972,,,,,,,
197358,Smolt,4/15/2015,17.21,4/15/2015,10/15/2016,549.9704861,11/29/2016,47,,,,,,,,,,
198369,Smolt,4/16/2015,12.35,4/16/2015,7/27/2016,468.5598148,12/5/2016,43,12/21/2016,8/4/2017,226.1877431,,,12/9/2017,5/31/2018,172.1877894,,
197939,Smolt,4/16/2015,13.58,4/16/2015,10/23/2016,556.963912,,,11/30/2016,11/11/2017,345.5445949,11/30/2017,64,12/1/2017,11/12/2018,345.8503241,11/26/2018,68
197879,Smolt,4/16/2015,13.8,4/16/2015,6/17/2016,428.4470139,11/29/2016,52,12/29/2016,,,,,,,,,
198197,Smolt,4/16/2015,13.95,4/16/2015,7/29/2016,470.8628704,11/30/2016,47.4,12/16/2016,,,,,,,,,
197551,Smolt,4/16/2015,14.7,4/16/2015,11/15/2016,579.121331,11/29/2016,53.3,2/20/2017,,,,,,,,,
197873,Smolt,4/16/2015,14.8,4/16/2015,6/24/2016,435.4777778,11/29/2017,57,1/2/2017,10/25/2017,296.8312731,,,12/21/2017,7/7/2018,198.8882523,,
198392,Smolt,4/16/2015,15.36,4/16/2015,10/29/2016,562.030787,12/5/2016,51,1/1/2017,11/22/2017,324.8869444,11/28/2017,60,11/28/2017,,,,
197607,Smolt,4/16/2015,16.2,4/16/2015,11/9/2016,573.7028935,11/29/2016,43.5,,,,,,,,,,
197688,Smolt,4/16/2015,16.86,4/16/2015,6/8/2016,419.2204514,11/30/2016,49.6,12/11/2016,,,,,,,,,
197530,Smolt,4/16/2015,17.4,4/16/2015,10/22/2016,555.780162,12/6/2016,51,,,,,,,,,,
197633,Smolt,4/16/2015,19.1,4/16/2015,10/21/2016,554.6792245,11/29/2016,55,12/24/2016,,,,,,,,,
198386,Smolt,4/17/2015,13.45,4/17/2015,10/24/2016,556.1325926,12/6/2016,54,,,,,,,,,,
198767,Smolt,4/17/2015,13.55,4/17/2015,6/15/2016,425.7500231,12/6/2016,47,12/24/2016,,,,,,,,,
198591,Smolt,4/17/2015,14.32,4/17/2015,6/17/2016,427.1349537,11/29/2016,44,1/11/2017,,,,,,,,,
198467,Smolt,4/17/2015,14.49,4/17/2015,6/16/2016,426.3059838,12/6/2016,45,12/16/2016,7/20/2017,215.9945718,11/29/2017,56,,,,,
198677,Smolt,4/17/2015,14.53,4/17/2015,6/17/2016,427.0774884,12/6/2016,46,2/4/2017,,,,,,,,,
198598,Smolt,4/17/2015,15.12,4/17/2015,,,12/6/2016,53,1/1/2017,7/27/2017,206.97,,,1/7/2018,,,,
198665,Smolt,4/17/2015,16.48,4/17/2015,6/29/2017,804.7804398,11/29/2017,72,,,,,,,,,,
198794,Smolt,4/18/2015,13.19,4/18/2015,11/15/2016,577.0786227,12/8/2016,48,,,,,,,,,,
198819,Smolt,4/18/2015,13.58,4/18/2015,11/22/2016,584.1286806,11/29/2016,47.3,,,,,,,,,,
198758,Smolt,4/18/2015,15.67,4/18/2015,12/8/2016,600.6779398,,,1/17/2017,11/22/2017,308.8176273,11/29/2017,73,12/23/2017,6/13/2018,171.4651852,,
198829,Smolt,4/18/2015,16.32,4/18/2015,6/21/2016,430.1678935,12/6/2016,51,12/9/2016,,,,,,,,,
199146,Smolt,4/19/2015,12.63,4/19/2015,10/15/2017,910.5245602,11/28/2017,62,,,,,,,,,,
199104,Smolt,4/19/2015,12.9,4/19/2015,,,12/5/2016,48,,,,,,,,,,
199129,Smolt,4/19/2015,15.16,4/19/2015,6/23/2016,431.8487269,11/30/2016,43.8,12/15/2016,6/10/2017,177.2286458,,,,,,,
198968,Smolt,4/19/2015,16.06,4/19/2015,7/22/2017,825.8902083,11/28/2017,65,,,,,,,,,,
199166,Smolt,4/19/2015,19.27,4/19/2015,7/25/2016,463.1601852,12/6/2016,58,3/14/2017,,,,,,,,,
199572,Smolt,4/20/2015,12.27,4/20/2015,12/2/2016,592.6850116,12/8/2016,49,,,,,,,,,,
199508,Smolt,4/20/2015,12.62,4/20/2015,11/16/2016,576.3941898,11/29/2016,47.9,3/12/2017,,,,,,,,,
199263,Smolt,4/20/2015,13.63,4/20/2015,10/29/2016,558.0136806,11/30/2016,49.7,1/13/2017,9/25/2017,255.0455787,11/28/2017,55,,,,,
199392,Smolt,4/20/2015,14.55,4/20/2015,11/22/2016,582.1659028,12/6/2016,51,,,,,,,,,,
199434,Smolt,4/20/2015,16.03,4/20/2015,11/11/2016,571.1595602,,,2/12/2017,10/22/2017,251.6606134,11/30/2017,56,12/25/2017,,,,
199458,Smolt,4/20/2015,16.26,4/20/2015,11/16/2016,576.6006366,12/5/2016,52,1/10/2017,11/23/2017,317.0517708,,,1/18/2018,11/30/2018,315.341331,,
202092,Smolt,4/21/2015,12.2,4/21/2015,10/28/2016,556.8404398,12/6/2016,48,,,,,,,,,,
199622,Smolt,4/21/2015,12.3,4/21/2015,11/2/2016,561.2503009,11/29/2016,40,12/6/2016,,,,,,,,,
202094,Smolt,4/21/2015,12.38,4/21/2015,11/7/2016,566.6077894,12/6/2016,52,12/25/2016,12/7/2017,346.454537,,,12/29/2017,8/1/2018,215.0553241,,
199637,Smolt,4/21/2015,13.33,4/21/2015,11/26/2016,585.7315046,12/6/2016,43,2/26/2017,,,,,,,,,
199670,Smolt,4/21/2015,13.53,4/21/2015,11/18/2016,577.047419,11/29/2016,45,12/6/2016,,,,,,,,,
202144,Smolt,4/21/2015,13.7,4/21/2015,,,11/29/2016,45.1,3/14/2017,,,,,,,,,
199873,Smolt,4/21/2015,13.81,4/21/2015,6/15/2016,421.68625,12/6/2016,45,,,,,,,,,,
202100,Smolt,4/21/2015,14.35,4/21/2015,11/9/2015,202.3022106,12/6/2016,51,1/15/2016,11/27/2016,316.6052546,,,1/12/2017,,,,
199832,Smolt,4/21/2015,14.54,4/21/2015,11/10/2017,934.5696528,11/29/2017,60,12/3/2017,,,,,,,,,
199722,Smolt,4/21/2015,14.6,4/21/2015,11/22/2016,581.2577315,11/29/2016,53,12/17/2016,,,,,,,,,
199640,Smolt,4/21/2015,14.78,4/21/2015,7/10/2016,446.1041088,12/6/2016,47,2/5/2017,6/13/2017,128.1000463,11/29/2017,60,12/14/2017,,,,
199859,Smolt,4/21/2015,15.44,4/21/2015,11/8/2016,567.3166782,11/30/2016,52.3,12/13/2016,,,,,,,,,
202012,Smolt,4/21/2015,15.8,4/21/2015,10/3/2016,531.045081,12/6/2016,43,12/10/2016,,,,,,,,,
199801,Smolt,4/21/2015,15.84,4/21/2015,,,11/30/2016,51,12/21/2016,10/26/2017,308.96,,,,,,,
202084,Smolt,4/21/2015,16.05,4/21/2015,7/28/2016,464.2070602,12/6/2016,49,2/16/2017,,,,,,,,,
199854,Smolt,4/21/2015,17.03,4/21/2015,9/30/2016,528.9965856,11/30/2016,48.2,12/14/2016,8/9/2017,237.5037963,11/29/2017,58,11/29/2017,,,,
202552,Smolt,4/22/2015,12.77,4/22/2015,12/5/2017,958.4819907,,,12/13/2017,11/12/2018,333.6272569,11/27/2018,61,12/1/2018,,,,
202584,Smolt,4/22/2015,13.13,4/22/2015,6/15/2016,420.7018403,11/30/2016,45.3,12/24/2016,,,,,,,,,
202454,Smolt,4/22/2015,13.76,4/22/2015,11/7/2016,565.6987269,11/29/2016,49,1/31/2017,,,,,,,,,
202165,Smolt,4/22/2015,13.85,4/22/2015,8/3/2016,469.8978935,12/5/2016,47,12/5/2016,,,,,,,,,
202511,Smolt,4/22/2015,14.37,4/22/2015,11/27/2016,585.7491088,12/5/2016,49,12/7/2016,,,,,,,,,
202189,Smolt,4/22/2015,15.46,4/22/2015,10/23/2016,550.8226852,12/5/2016,47,12/24/2016,,,,,,,,,
202514,Smolt,4/22/2015,17.19,4/22/2015,6/11/2017,781.236875,11/28/2017,75,12/3/2017,,,,,,,,,
202400,Smolt,4/22/2015,19.08,4/22/2015,,,12/6/2016,48,,,,,,,,,,
202633,Smolt,4/23/2015,13.45,4/23/2015,11/3/2016,560.0033681,12/5/2016,49,12/24/2016,7/21/2017,208.2639583,,,,,,,
202959,Smolt,4/23/2015,13.54,4/23/2015,6/17/2016,421.3915972,11/29/2016,46.1,12/28/2016,,,,,,,,,
202829,Smolt,4/23/2015,13.73,4/23/2015,8/20/2016,485.1900926,12/6/2016,46,12/8/2016,,,,,,,,,
202999,Smolt,4/23/2015,14.2,4/23/2015,,,12/5/2016,45,12/26/2016,,,,,,,,,
203059,Smolt,4/23/2015,14.58,4/23/2015,10/21/2016,547.6122569,11/29/2016,55,2/16/2017,,,,,,,,,
202915,Smolt,4/23/2015,15.61,4/23/2015,11/7/2016,564.3818866,12/5/2016,52,1/2/2017,,,,,,,,,
203190,Smolt,4/24/2015,12.94,4/24/2015,6/24/2016,427.346713,11/29/2017,50,3/21/2017,7/12/2017,112.2597569,,,,,,,
203245,Smolt,4/24/2015,13.05,4/24/2015,7/30/2016,463.9995139,12/6/2016,50,12/6/2016,,,,,,,,,
203298,Smolt,4/24/2015,13.45,4/24/2015,10/20/2016,545.9993403,12/6/2016,52,12/11/2016,11/22/2017,345.9400347,11/29/2017,59,3/2/2018,7/29/2018,149.1262963,11/29/2018,61
203211,Smolt,4/24/2015,14.69,4/24/2015,11/8/2016,564.1209144,11/30/2016,52,12/24/2016,,,,,,,,,
203109,Smolt,4/24/2015,16.64,4/24/2015,11/6/2016,562.0875463,11/30/2016,50,2/17/2017,,,,,,,,,
203736,Smolt,4/26/2015,13.3,4/26/2015,6/15/2016,416.7226736,11/29/2016,46,1/19/2017,,,,,,,,,
203586,Smolt,4/26/2015,13.49,4/26/2015,10/3/2016,526.417037,11/29/2016,55,12/24/2016,,,,,,,,,
203587,Smolt,4/26/2015,13.69,4/26/2015,10/28/2016,551.2532639,12/6/2016,53,1/11/2017,10/13/2017,275.2845718,,,,,,,
203324,Smolt,4/26/2015,13.75,4/26/2015,6/24/2016,425.3787269,11/30/2016,43.3,NA,6/12/2017,,,,12/8/2017,,,,
203819,Smolt,4/26/2015,13.77,4/26/2015,10/27/2016,550.6274769,12/6/2016,51,,,,,,,,,,
203730,Smolt,4/26/2015,14.45,4/26/2015,10/22/2016,545.5770949,11/29/2017,62,1/17/2017,8/19/2017,213.0600347,,,1/1/2018,7/25/2018,204.8971991,,
203593,Smolt,4/26/2015,14.48,4/26/2015,10/28/2016,551.7490162,12/5/2016,43,1/16/2017,,,,,,,,,
203938,Smolt,4/26/2015,16.43,4/26/2015,11/23/2016,577.1664583,12/6/2016,52,12/24/2016,,,,,,,,,
203827,Smolt,4/26/2015,18.12,4/26/2015,10/3/2016,526.8903819,12/5/2016,54,12/9/2016,6/29/2017,201.4884144,,,,,,,
203620,Smolt,4/26/2015,19.1,4/26/2015,10/19/2016,542.7792014,12/6/2016,48,1/11/2017,,,,,,,,,
204166,Smolt,4/27/2015,12.73,4/27/2015,6/16/2016,416.3435417,12/6/2016,44,12/11/2016,7/20/2017,221.7495949,11/28/2017,52,11/30/2017,,,,
204203,Smolt,4/27/2015,13.29,4/27/2015,6/24/2016,424.2561111,11/29/2016,43,1/11/2017,,,,,,,,,
204260,Smolt,4/27/2015,13.73,4/27/2015,6/24/2016,424.9479745,12/5/2016,47,2/15/2017,,,,,,,,,
204016,Smolt,4/27/2015,14.41,4/27/2015,11/6/2016,559.2140741,12/1/2017,60,1/5/2017,10/2/2017,269.8735764,,,12/9/2017,,,,
204068,Smolt,4/27/2015,15.19,4/27/2015,11/21/2016,574.1072454,12/6/2016,50,12/6/2016,,,,,,,,,
204095,Smolt,4/27/2015,18.21,4/27/2015,12/11/2016,594.9182523,,,12/25/2016,11/22/2017,332.2609722,,,1/18/2018,11/12/2018,298.0002315,11/30/2018,70.5
204365,Smolt,4/28/2015,15.27,4/28/2015,11/26/2016,578.8188542,12/6/2016,50,1/1/2017,11/10/2017,312.811169,,,12/29/2017,NA,,11/26/2018,58.5
204440,Smolt,4/29/2015,12.43,4/29/2015,6/27/2016,425.219537,11/30/2016,42,2/23/2017,,,,,,,,,
204553,Smolt,5/1/2015,13.28,5/1/2015,8/3/2016,460.8732292,11/29/2017,54,2/16/2017,6/29/2017,133.0365856,,,1/24/2018,6/12/2018,139.8659259,,
204556,Smolt,5/1/2015,13.31,5/1/2015,11/21/2016,570.4357755,11/30/2016,50.5,12/15/2016,,,,,,,,,
204626,Smolt,5/1/2015,15.39,5/1/2015,,,11/30/2016,49,,,,,,,,,,
204515,Smolt,5/1/2015,15.79,5/1/2015,10/8/2016,526.0213889,12/6/2016,53,12/30/2016,,,,,,,,,
204688,Smolt,5/2/2015,12.97,5/2/2015,11/21/2016,569.0338542,12/5/2016,52,12/22/2016,,,,,,,,,
204661,Smolt,5/2/2015,14.5,5/2/2015,11/15/2016,563.0913194,12/6/2016,58,2/20/2017,,,,,,,,,
204857,Smolt,5/3/2015,12.87,5/3/2015,,,12/6/2016,42,1/19/2017,10/14/2017,268.17,11/29/2017,58,1/16/2018,,,,
204802,Smolt,5/3/2015,13.23,5/3/2015,10/1/2017,882.1635995,12/1/2017,58,12/5/2017,,,,,,,,,
204941,Smolt,5/4/2015,13.45,5/4/2015,6/25/2016,418.9849306,12/6/2016,41,,,,,,,,,,
204924,Smolt,5/4/2015,14.1,5/4/2015,10/28/2016,543.1262037,11/29/2016,49,,,,,,,,,,
204899,Smolt,5/4/2015,14.35,5/4/2015,6/17/2016,410.1838079,11/29/2016,54,12/6/2016,,,,,,,,,
204860,Smolt,5/4/2015,14.52,5/4/2015,9/29/2016,514.4115046,11/29/2016,51,12/14/2016,,,,,,,,,
204873,Smolt,5/4/2015,16.69,5/4/2015,11/7/2016,553.5060648,12/6/2016,51,1/19/2017,,,,,,,,,
204943,Smolt,5/4/2015,16.78,5/4/2015,10/8/2016,523.501331,12/6/2016,44,12/24/2016,,,,,,,,,
204965,Smolt,5/4/2015,17.32,5/4/2015,11/8/2015,188.9827315,12/5/2016,46,1/16/2016,10/31/2016,288.3173958,,,1/13/2017,,,,
205931,Smolt,5/5/2015,12.19,5/5/2015,6/30/2017,787.1449537,12/1/2017,62,12/7/2017,,,,,,,,,
205763,Smolt,5/5/2015,12.42,5/5/2015,8/4/2016,457.6737847,12/8/2016,51,12/27/2016,,,,,,,,,
205342,Smolt,5/5/2015,12.92,5/5/2015,7/30/2016,452.4171181,11/29/2016,48.1,2/16/2017,10/5/2017,230.9007176,,,2/22/2018,,,,
205308,Smolt,5/5/2015,13.13,5/5/2015,11/7/2016,552.4017245,,,11/15/2016,11/10/2017,360.1502894,11/28/2017,62,12/13/2017,,,,
205687,Smolt,5/5/2015,13.36,5/5/2015,10/26/2016,540.9327662,12/5/2016,48,,,,,,,,,,
205274,Smolt,5/5/2015,13.58,5/5/2015,,,12/6/2016,48,1/11/2017,,,,,,,,,
205971,Smolt,5/5/2015,14.16,5/5/2015,7/2/2016,424.9405903,11/29/2016,40.4,2/22/2017,,,,,,,,,
205626,Smolt,5/5/2015,14.34,5/5/2015,10/22/2016,536.2498611,12/6/2016,53,1/11/2017,,,,,,,,,
205394,Smolt,5/5/2015,15.42,5/5/2015,6/21/2016,413.2478009,12/6/2016,49,3/11/2017,7/8/2017,118.9056481,11/29/2017,54,,,,,
205514,Smolt,5/5/2015,15.54,5/5/2015,12/8/2017,948.1530093,,,12/21/2017,11/14/2018,327.3509838,11/28/2018,63,12/12/2018,9/29/2019,291.1637731,,
205040,Smolt,5/5/2015,15.55,5/5/2015,6/19/2016,411.9194444,12/8/2016,47,1/29/2017,6/19/2017,140.1640162,,,1/4/2018,,,,
205055,Smolt,5/5/2015,16.74,5/5/2015,8/29/2016,482.941875,12/5/2016,48,12/9/2016,,,,,,,,,
205190,Smolt,5/5/2015,17.04,5/5/2015,7/31/2016,453.96625,11/30/2016,46.7,1/30/2017,,,,,,,,,
205960,Smolt,5/5/2015,17.46,5/5/2015,7/28/2016,450.0237153,11/29/2016,51.8,,,,,,,,,,
205851,Smolt,5/5/2015,19.14,5/5/2015,6/10/2016,402.0754167,12/5/2016,48,12/13/2016,7/7/2017,206.7776389,11/28/2017,57,12/4/2017,6/1/2018,179.8367824,,
205368,Smolt,5/5/2015,19.42,5/5/2015,8/14/2017,832.9084838,11/28/2017,79,12/26/2017,,,,,,,,,
207694,Smolt,5/6/2015,12.13,5/6/2015,,,,,1/14/2017,11/22/2017,311.86,11/29/2017,57,1/20/2018,,,,
206061,Smolt,5/6/2015,12.3,5/6/2015,10/24/2016,537.8455671,12/6/2016,44,12/15/2016,,,,,,,,,
207382,Smolt,5/6/2015,12.32,5/6/2015,10/16/2017,894.7301042,11/30/2017,60,12/15/2017,,,,,,,,,
207834,Smolt,5/6/2015,12.46,5/6/2015,11/23/2016,567.9355903,12/6/2016,43,1/11/2017,,,,,,,,,
207165,Smolt,5/6/2015,12.49,5/6/2015,11/15/2016,559.6648495,11/29/2016,45,1/15/2017,,,,,,,,,
207094,Smolt,5/6/2015,12.7,5/6/2015,7/8/2016,429.4312616,12/6/2016,42,,,,,,,,,,
206297,Smolt,5/6/2015,12.73,5/6/2015,10/24/2016,537.4324884,,,1/11/2017,10/14/2017,276.1377894,,,12/25/2017,8/11/2018,229.5047801,11/28/2018,67
206045,Smolt,5/6/2015,12.78,5/6/2015,11/7/2016,551.4158796,11/30/2016,46.3,,,,,,,,,,
206143,Smolt,5/6/2015,12.84,5/6/2015,11/24/2016,568.074456,11/30/2016,42.4,,6/27/2017,,,,,,,,
206455,Smolt,5/6/2015,12.94,5/6/2015,10/16/2016,529.2236458,12/5/2016,48,3/31/2017,,,,,,,,,
206868,Smolt,5/6/2015,12.95,5/6/2015,9/29/2016,512.5804051,11/29/2016,44,12/13/2016,,,,,,,,,
206823,Smolt,5/6/2015,13.15,5/6/2015,11/2/2016,546.0123843,12/6/2016,50,12/23/2016,,,,,,,,,
206019,Smolt,5/6/2015,13.31,5/6/2015,7/10/2016,431.0754977,11/29/2016,45.2,1/12/2017,,,,,,,,,
206956,Smolt,5/6/2015,13.41,5/6/2015,8/2/2016,454.0437616,12/6/2016,48,,,,,,,,,,
206486,Smolt,5/6/2015,13.43,5/6/2015,11/2/2016,546.1907639,12/8/2016,55,12/24/2016,,,,,,,,,
206468,Smolt,5/6/2015,13.57,5/6/2015,11/2/2016,546.6186806,11/29/2016,47,12/6/2016,,,,,,,,,
207286,Smolt,5/6/2015,13.59,5/6/2015,6/26/2016,417.3022222,12/5/2016,45,12/8/2016,,,,,,,,,
206530,Smolt,5/6/2015,13.61,5/6/2015,,,12/6/2016,48,,,,,,,,,,
206832,Smolt,5/6/2015,13.87,5/6/2015,10/23/2016,536.5994792,12/6/2016,48,,,,,,,,,,
206718,Smolt,5/6/2015,14.36,5/6/2015,11/18/2016,562.3454398,12/8/2016,51,,,,,,,,,,
206450,Smolt,5/6/2015,14.87,5/6/2015,8/28/2016,480.4737384,12/6/2016,48,1/11/2017,,,,,,,,,
206857,Smolt,5/6/2015,15.06,5/6/2015,,,12/6/2016,48,,,,,,,,,,
206990,Smolt,5/6/2015,15.48,5/6/2015,7/23/2016,444.9708796,11/29/2016,48,12/26/2016,6/29/2017,185.2120718,11/29/2017,57,,,,,
207482,Smolt,5/6/2015,15.53,5/6/2015,11/7/2016,551.5285417,12/8/2016,52,1/20/2017,,,,,,,,,
206446,Smolt,5/6/2015,16.27,5/6/2015,10/21/2016,534.4153009,,,12/10/2016,11/16/2017,341.2845949,11/28/2017,54,12/7/2017,,,,
206423,Smolt,5/6/2015,16.86,5/6/2015,6/15/2016,406.6283333,12/6/2016,49,1/11/2017,,,,,,,,,
207214,Smolt,5/6/2015,17.05,5/6/2015,,,,,12/12/2016,7/7/2017,207.61,11/28/2017,59,12/15/2017,6/25/2018,192,11/27/2018,65
190313,Smolt,5/7/2015,12.05,5/7/2015,6/11/2016,401.116331,12/6/2016,45,12/6/2016,6/12/2017,187.2892593,,,11/20/2017,,,,
190081,Smolt,5/7/2015,12.06,5/7/2015,6/15/2016,405.6359259,11/29/2016,42.8,1/11/2017,,,,,,,,,
190182,Smolt,5/7/2015,12.08,5/7/2015,10/2/2016,514.8667708,12/6/2016,47,1/6/2017,,,,,,,,,
190018,Smolt,5/7/2015,12.11,5/7/2015,9/9/2016,491.0201042,12/5/2016,43,12/21/2016,,,,,,,,,
190284,Smolt,5/7/2015,12.45,5/7/2015,8/4/2016,455.3971875,11/29/2016,46.1,12/26/2016,6/22/2017,178.8442245,,,11/29/2017,6/2/2018,184.3368171,,
190121,Smolt,5/7/2015,12.64,5/7/2015,6/30/2016,420.1418634,12/5/2016,45,12/25/2016,6/13/2017,170.5071528,,,12/25/2017,6/5/2018,161.8853356,,
190054,Smolt,5/7/2015,12.81,5/7/2015,11/15/2016,558.7171759,12/5/2016,49,12/7/2016,,,,,,,,,
190297,Smolt,5/7/2015,13.46,5/7/2015,6/23/2016,413.8690046,11/29/2016,46,12/6/2016,,,,,,,,,
190324,Smolt,5/7/2015,13.64,5/7/2015,10/29/2016,541.1476968,11/29/2016,54,,,,,,,,,,
207896,Smolt,5/7/2015,13.82,5/7/2015,7/29/2016,449.8844444,11/30/2016,51.2,12/9/2016,7/25/2017,227.9056713,,,,,,,
190059,Smolt,5/7/2015,15.35,5/7/2015,8/3/2016,454.5013889,12/5/2016,50,,,,,,,,,,
190016,Smolt,5/7/2015,15.93,5/7/2015,11/18/2016,561.1573727,12/8/2016,50,2/14/2017,,,,,,,,,
190252,Smolt,5/7/2015,16.06,5/7/2015,6/26/2016,416.2881134,11/29/2016,42,12/24/2016,,,,,,,,,
190024,Smolt,5/7/2015,16.64,5/7/2015,7/11/2016,431.1789815,12/6/2016,44,12/25/2016,,,,,,,,,
190456,Smolt,5/8/2015,12.27,5/8/2015,11/7/2016,549.3407407,11/30/2016,49.3,12/25/2016,,,,,,,,,
190448,Smolt,5/8/2015,12.38,5/8/2015,11/17/2016,559.5141204,,,1/12/2017,11/18/2017,309.1487731,11/29/2017,63,1/9/2018,9/4/2018,238.9328935,11/28/2018,64
190671,Smolt,5/8/2015,12.86,5/8/2015,12/6/2016,578.8925579,,,12/26/2016,6/23/2017,178.3402778,,,12/15/2017,5/28/2018,163.0965046,11/26/2018,60
190389,Smolt,5/8/2015,13.16,5/8/2015,10/25/2016,536.1606713,11/29/2016,53,12/10/2016,8/4/2017,236.8791667,,,11/22/2017,,,,
190610,Smolt,5/8/2015,13.24,5/8/2015,11/22/2016,564.7805324,11/29/2016,55,,,,,,,,,,
191040,Smolt,5/8/2015,13.38,5/8/2015,10/27/2016,538.9743056,11/29/2016,51.8,12/26/2016,10/13/2017,291.4684028,,,11/26/2017,,,,
190602,Smolt,5/8/2015,13.44,5/8/2015,6/30/2017,784.7753704,11/29/2017,52,1/16/2018,,,,,,,,,
190814,Smolt,5/8/2015,13.92,5/8/2015,10/24/2016,535.137419,11/30/2016,47.5,12/7/2016,,,,,,,,,
190657,Smolt,5/8/2015,14.02,5/8/2015,11/7/2016,549.7325926,12/5/2016,42,,,,,,,,,,
191029,Smolt,5/8/2015,14.15,5/8/2015,10/7/2016,518.180463,,,12/31/2016,10/2/2017,275.0101042,11/29/2017,57,2/12/2018,8/5/2018,174.4081481,11/29/2018,62.5
190935,Smolt,5/8/2015,14.98,5/8/2015,7/11/2016,430.0524421,11/29/2016,49,,,,,,,,,,
190817,Smolt,5/8/2015,17.88,5/8/2015,8/3/2016,453.6304977,12/8/2016,46,,,,,,,,,,
190740,Smolt,5/8/2015,17.96,5/8/2015,7/28/2016,447.2257407,12/6/2016,50,12/10/2016,9/28/2017,292.3092014,,,12/15/2017,,,,
191099,Smolt,5/9/2015,12.59,5/9/2015,11/15/2016,556.4165741,11/29/2016,50.7,2/21/2017,,,,,,,,,
191113,Smolt,5/9/2015,13.66,5/9/2015,10/19/2016,529.6594792,12/1/2016,52,12/16/2016,,,,,,,,,
191129,Smolt,5/10/2015,14.99,5/10/2015,12/12/2016,582.6939583,,,12/25/2016,11/23/2017,333.1513542,11/28/2017,59,,6/13/2018,NA,,
191148,Smolt,5/11/2015,13,5/11/2015,11/28/2016,567.1743981,12/5/2016,43,12/22/2016,10/29/2017,311.1882639,,,12/11/2017,,,,
191195,Smolt,5/19/2015,14.1,5/19/2015,10/21/2016,521.6867708,12/6/2016,47,12/6/2016,8/31/2017,268.0860764,,,,,,,
191227,Smolt,5/21/2015,12.99,5/21/2015,10/23/2016,521.152419,11/29/2016,44.7,12/21/2016,,,,,,,,,
191245,Smolt,5/22/2015,12.06,5/22/2015,10/20/2016,517.8933681,12/5/2016,53,,,,,,,,,,
191319,Smolt,6/2/2015,13.6,6/2/2015,12/1/2016,548.7528472,12/6/2016,43,2/23/2017,10/19/2017,238.1843519,11/29/2017,51,1/1/2018,9/25/2018,267.0915625,11/30/2018,55.5
191318,Smolt,6/2/2015,16.87,6/2/2015,11/15/2016,532.1248264,12/6/2016,51,,,,,,,,,,
191568,Smolt,6/4/2015,12.54,6/4/2015,7/23/2017,780.9234606,11/28/2017,59,12/16/2017,,,,,,,,,
191447,Smolt,6/4/2015,12.57,6/4/2015,11/14/2016,529.9842245,11/29/2016,34,,,,,,,,,,
191395,Smolt,6/4/2015,13.22,6/4/2015,,,11/29/2016,44,2/15/2017,,,,,,,,,
191464,Smolt,6/4/2015,16.31,6/4/2015,6/25/2016,387.1408565,12/6/2016,44,,,,,,,,,,
191625,Smolt,11/16/2015,15.59,4/8/2016,10/15/2016,190.0958912,12/5/2016,34,,,,,,,,,,
254021,Smolt,3/17/2016,16.22,3/17/2016,7/11/2017,481.1877778,11/30/2017,52,,5/29/2018,,11/29/2018,56,,,,,
254124,Smolt,3/28/2016,19.15,3/28/2016,9/25/2016,181.2900231,12/6/2016,37,,,,,,,,,,
254092,Smolt,3/28/2016,19.59,3/28/2016,8/2/2016,127.0138426,11/30/2016,35.6,2/14/2017,7/6/2017,141.2514236,,,,,,,
254208,Smolt,3/31/2016,13.54,3/31/2016,9/9/2017,527.8761227,11/30/2017,48,12/16/2017,,,,,,,,,
254196,Smolt,3/31/2016,18.54,3/31/2016,11/17/2016,231.9291551,11/30/2016,35.7,1/20/2017,,,,,,,,,
254354,Smolt,4/1/2016,14.94,4/1/2016,,,12/6/2016,34,,,,,,,,,,
254353,Smolt,4/1/2016,15.89,4/1/2016,10/25/2016,207.1732523,11/30/2016,35.3,,,,,,,,,,
254410,Smolt,4/1/2016,19,4/1/2016,11/16/2016,229.6835185,11/29/2016,37,4/28/2017,,,,,,,,,
254677,Smolt,4/5/2016,14.37,4/5/2016,10/21/2017,564.7184722,11/26/2018,64,12/31/2017,10/11/2018,283.1787037,,,,,,,
254768,Smolt,4/5/2016,14.81,4/5/2016,11/28/2016,237.9072338,12/5/2016,37,,,,,,,,,,
254935,Smolt,4/6/2016,12.78,4/6/2016,11/28/2017,601.4473148,11/29/2017,47,,,,,,,,,,
255183,Smolt,4/6/2016,14.14,4/6/2016,10/20/2016,197.2276273,12/1/2016,29,,,,,,,,,,
255200,Smolt,4/6/2016,14.65,4/6/2016,11/6/2016,214.0768866,12/6/2016,32,,,,,,,,,,
255396,Smolt,4/6/2016,15.51,4/6/2016,7/30/2017,480.9806366,11/30/2017,49,,,,,,,,,,
255007,Smolt,4/6/2016,16.41,4/6/2016,9/1/2016,148.9209028,11/29/2016,32,,,,,,,,,,
255557,Smolt,4/6/2016,16.74,4/6/2016,11/22/2017,595.7530324,11/29/2017,53,,,,,,,,,,
255886,Smolt,4/7/2016,12.31,4/7/2016,8/1/2017,481.0090162,11/30/2017,53,1/4/2018,,,,,,,,,
256490,Smolt,4/7/2016,14.08,4/7/2016,11/21/2018,958.2311921,11/27/2018,63,12/7/2018,,,,,,,,,
255783,Smolt,4/7/2016,14.4,4/7/2016,6/21/2017,440.1155324,11/30/2017,50,12/3/2017,,,,,,,,,
255693,Smolt,4/7/2016,14.54,4/7/2016,6/14/2017,433.9952199,11/29/2017,47,11/29/2017,,,,,,,,,
255746,Smolt,4/7/2016,15.02,4/7/2016,12/4/2016,241.9201389,12/6/2016,37,,,,,,,,,,
256177,Smolt,4/7/2016,15.21,4/7/2016,11/14/2016,221.7454167,11/29/2016,34.5,,,,,,,,,,
256524,Smolt,4/7/2016,15.39,4/7/2016,7/25/2017,474.9993866,11/29/2017,57,11/30/2017,,,,,,,,,
255995,Smolt,4/7/2016,15.74,4/7/2016,8/1/2017,481.9960417,11/30/2017,57,,,,,,,,,,
256535,Smolt,4/7/2016,15.98,4/7/2016,10/16/2017,557.2487963,11/30/2017,49,,,,,,,,,,
256333,Smolt,4/7/2016,16.29,4/7/2016,7/24/2017,473.3418519,11/29/2017,53,1/8/2018,,,,,,,,,
256644,Smolt,4/8/2016,14.49,4/8/2016,9/23/2016,168.8831366,12/6/2016,31,,,,,,,,,,
256752,Smolt,4/8/2016,16.48,4/8/2016,11/19/2017,590.3780556,11/29/2017,52,,,,,,,,,,
257136,Smolt,4/9/2016,12.53,4/9/2016,6/30/2017,447.1410532,11/28/2017,43,,,,,,,,,,
257179,Smolt,4/9/2016,14.39,4/9/2016,,,11/29/2016,30.2,,,,,,,,,,
256920,Smolt,4/18/2016,12.17,4/18/2016,11/14/2016,210.3587037,11/30/2016,29.3,,,,,,,,,,
256993,Smolt,4/20/2016,12.77,4/20/2016,11/23/2017,582.2496528,11/29/2017,48,,,,,,,,,,
257499,Smolt,4/24/2016,12.88,4/24/2016,7/26/2017,458.9818171,11/28/2017,40,12/1/2017,7/20/2018,231.8305324,,,,,,,
257527,Smolt,4/25/2016,13.65,4/25/2016,8/4/2017,466.150544,11/29/2017,44,12/27/2017,,,,,,,,,
257583,Smolt,4/26/2016,12.68,4/26/2016,12/2/2016,220.1465741,12/5/2016,28,,,,,,,,,,
258329,Smolt,4/29/2016,12.15,4/29/2016,7/29/2018,821.1231019,11/29/2018,62,12/10/2018,,,,,,,,,
258024,Smolt,4/29/2016,14.57,4/29/2016,8/16/2017,474.1567593,,,1/1/2018,7/5/2018,184.2145023,11/28/2018,58,12/18/2018,,,,
258421,Smolt,4/30/2016,12.18,4/30/2016,9/10/2017,498.9829861,11/29/2017,47,1/16/2018,7/29/2018,193.218125,,,11/30/2018,,,,
258427,Smolt,4/30/2016,14.11,4/30/2016,10/23/2017,541.4437037,11/28/2017,52,12/15/2017,,,,,,,,,
258560,Smolt,4/30/2016,14.16,4/30/2016,12/2/2016,216.9564931,12/5/2016,29,,,,,,,,,,
258665,Smolt,4/30/2016,14.23,4/30/2016,11/15/2016,199.059537,12/5/2016,37,,,,,,,,,,
258581,Smolt,4/30/2016,14.28,4/30/2016,6/6/2017,402.8387847,11/29/2017,43,12/7/2017,,,,,,,,,
258769,Smolt,5/1/2016,13.9,5/1/2016,7/16/2017,441.3772685,11/28/2017,40,1/4/2018,,,,,,,,,
258727,Smolt,5/2/2016,13.62,5/2/2016,6/22/2017,416.8909606,11/29/2017,47,1/10/2018,,,,,,,,,
258726,Smolt,5/2/2016,18.47,5/2/2016,11/27/2016,209.002662,11/29/2016,33,,,,,,,,,,
258899,Smolt,5/3/2016,13.92,5/3/2016,11/24/2017,570.2748148,11/30/2017,51,,,,,,,,,,
258909,Smolt,5/4/2016,13.25,5/4/2016,10/29/2017,543.541412,11/29/2017,50,12/14/2017,,,,,,,,,
258913,Smolt,5/4/2016,14.68,5/4/2016,10/20/2017,534.7241667,11/30/2017,49,2/12/2018,,,,,,,,,
258996,Smolt,5/8/2016,12.94,5/8/2016,10/15/2017,525.7904745,11/30/2017,49,12/1/2017,,,,,,,,,
259004,Smolt,5/9/2016,12.37,5/9/2016,7/22/2017,439.9378241,11/30/2017,42,,,,,,,,,,
259044,Smolt,5/10/2016,14.12,5/10/2016,10/15/2016,158.1866088,12/1/2016,28,,,,,,,,,,
259073,Smolt,5/11/2016,12.04,5/11/2016,6/18/2017,403.0822222,11/29/2017,43,,,,,,,,,,
259096,Smolt,5/13/2016,14.69,5/13/2016,11/23/2017,559.4380324,11/29/2017,50,1/4/2018,,,,,,,,,
259227,Smolt,5/22/2016,15.22,5/22/2016,7/24/2017,428.2222454,11/29/2017,44,,,,,,,,,,
259277,Smolt,5/31/2016,13.92,5/31/2016,7/30/2018,790.9479398,11/26/2018,54.5,12/16/2018,,,,,,,,,
